<metadata xml:lang="en"><Esri><CreaDate>20180627</CreaDate><CreaTime>19223200</CreaTime><ArcGISFormat>1.0</ArcGISFormat><SyncOnce>FALSE</SyncOnce><DataProperties><itemProps><itemName Sync="TRUE">Drought_Impacts_Type_P</itemName><imsContentType Sync="TRUE">002</imsContentType><itemLocation><linkage Sync="TRUE">file://\\NDMC-011\P1$\Production\USDM\output\data\shapefiles_i\Drought_Impacts_Type_P.shp</linkage><protocol Sync="TRUE">Local Area Network</protocol></itemLocation><itemSize Sync="TRUE">0.000</itemSize></itemProps><coordRef><type Sync="TRUE">Projected</type><geogcsn Sync="TRUE">GCS_North_American_1983</geogcsn><csUnits Sync="TRUE">Linear Unit: Meter (1.000000)</csUnits><projcsn Sync="TRUE">USA_Contiguous_Albers_Equal_Area_Conic</projcsn><peXml Sync="TRUE">&lt;ProjectedCoordinateSystem xsi:type='typens:ProjectedCoordinateSystem' xmlns:xsi='http://www.w3.org/2001/XMLSchema-instance' xmlns:xs='http://www.w3.org/2001/XMLSchema' xmlns:typens='http://www.esri.com/schemas/ArcGIS/10.4'&gt;&lt;WKT&gt;PROJCS[&amp;quot;USA_Contiguous_Albers_Equal_Area_Conic&amp;quot;,GEOGCS[&amp;quot;GCS_North_American_1983&amp;quot;,DATUM[&amp;quot;D_North_American_1983&amp;quot;,SPHEROID[&amp;quot;GRS_1980&amp;quot;,6378137.0,298.257222101]],PRIMEM[&amp;quot;Greenwich&amp;quot;,0.0],UNIT[&amp;quot;Degree&amp;quot;,0.0174532925199433]],PROJECTION[&amp;quot;Albers&amp;quot;],PARAMETER[&amp;quot;False_Easting&amp;quot;,0.0],PARAMETER[&amp;quot;False_Northing&amp;quot;,0.0],PARAMETER[&amp;quot;Central_Meridian&amp;quot;,-96.0],PARAMETER[&amp;quot;Standard_Parallel_1&amp;quot;,29.5],PARAMETER[&amp;quot;Standard_Parallel_2&amp;quot;,45.5],PARAMETER[&amp;quot;Latitude_Of_Origin&amp;quot;,37.5],UNIT[&amp;quot;Meter&amp;quot;,1.0],AUTHORITY[&amp;quot;Esri&amp;quot;,102003]]&lt;/WKT&gt;&lt;XOrigin&gt;-16901100&lt;/XOrigin&gt;&lt;YOrigin&gt;-8579000&lt;/YOrigin&gt;&lt;XYScale&gt;266467840.99085236&lt;/XYScale&gt;&lt;ZOrigin&gt;-100000&lt;/ZOrigin&gt;&lt;ZScale&gt;10000&lt;/ZScale&gt;&lt;MOrigin&gt;-100000&lt;/MOrigin&gt;&lt;MScale&gt;10000&lt;/MScale&gt;&lt;XYTolerance&gt;0.001&lt;/XYTolerance&gt;&lt;ZTolerance&gt;0.001&lt;/ZTolerance&gt;&lt;MTolerance&gt;0.001&lt;/MTolerance&gt;&lt;HighPrecision&gt;true&lt;/HighPrecision&gt;&lt;WKID&gt;102003&lt;/WKID&gt;&lt;LatestWKID&gt;102003&lt;/LatestWKID&gt;&lt;/ProjectedCoordinateSystem&gt;</peXml></coordRef><lineage><Process ToolSource="c:\program files (x86)\arcgis\desktop10.5\ArcToolbox\Toolboxes\Data Management Tools.tbx\CopyFeatures" Date="20180627" Time="192234">CopyFeatures \\ndmc-011\p1$\Production\USDM\raw\usdm20180626\Drought_Impacts_Type.shp \\ndmc-011\p1$\Production\USDM\processed\20180626.gdb\Drought_Impacts_Type_P # 0 0 0</Process><Process ToolSource="c:\program files (x86)\arcgis\desktop10.4\ArcToolbox\Toolboxes\Data Management Tools.tbx\CopyFeatures" Date="20180628" Time="010439">CopyFeatures E:\P1\Production\USDM\processed\20180626.gdb\Drought_Impacts_Type_P E:\P1\Production\USDM\output\data\shapefiles_r\Drought_Impacts_Type_P.shp # 0 0 0</Process><Process ToolSource="c:\program files (x86)\arcgis\desktop10.4\ArcToolbox\Toolboxes\Data Management Tools.tbx\Rename" Date="20180628" Time="010440">Rename E:\P1\Production\USDM\output\data\shapefiles_r\Drought_Impacts_Type_P.shp E:\P1\Production\USDM\output\data\shapefiles_r\Drought_Impacts_Type.shp FeatureClass</Process><Process ToolSource="c:\program files (x86)\arcgis\desktop10.4\ArcToolbox\Toolboxes\Data Management Tools.tbx\CopyFeatures" Date="20180703" Time="185102">CopyFeatures E:\P1\Production\USDM\raw\usdm20180703\Drought_Impacts_Type.shp E:\P1\Production\USDM\processed\20180703.gdb\Drought_Impacts_Type_P # 0 0 0</Process><Process ToolSource="c:\program files (x86)\arcgis\desktop10.4\ArcToolbox\Toolboxes\Data Management Tools.tbx\CopyFeatures" Date="20180703" Time="225139">CopyFeatures E:\P1\Production\USDM\processed\20180703.gdb\Drought_Impacts_Type_P E:\P1\Production\USDM\output\data\shapefiles_r\Drought_Impacts_Type_P.shp # 0 0 0</Process><Process ToolSource="c:\program files (x86)\arcgis\desktop10.4\ArcToolbox\Toolboxes\Data Management Tools.tbx\Rename" Date="20180703" Time="225141">Rename E:\P1\Production\USDM\output\data\shapefiles_r\Drought_Impacts_Type_P.shp E:\P1\Production\USDM\output\data\shapefiles_r\Drought_Impacts_Type.shp FeatureClass</Process><Process ToolSource="c:\program files (x86)\arcgis\desktop10.4\ArcToolbox\Toolboxes\Data Management Tools.tbx\CopyFeatures" Date="20180711" Time="144932">CopyFeatures E:\P1\Production\USDM\raw\usdm20180710\Drought_Impacts_Type.shp E:\P1\Production\USDM\processed\20180710.gdb\Drought_Impacts_Type_P # 0 0 0</Process><Process ToolSource="c:\program files (x86)\arcgis\desktop10.4\ArcToolbox\Toolboxes\Data Management Tools.tbx\CopyFeatures" Date="20180711" Time="153755">CopyFeatures E:\P1\Production\USDM\processed\20180710.gdb\Drought_Impacts_Type_P E:\P1\Production\USDM\output\data\shapefiles_r\Drought_Impacts_Type_P.shp # 0 0 0</Process><Process ToolSource="c:\program files (x86)\arcgis\desktop10.4\ArcToolbox\Toolboxes\Data Management Tools.tbx\Rename" Date="20180711" Time="153756">Rename E:\P1\Production\USDM\output\data\shapefiles_r\Drought_Impacts_Type_P.shp E:\P1\Production\USDM\output\data\shapefiles_r\Drought_Impacts_Type.shp FeatureClass</Process><Process ToolSource="c:\program files (x86)\arcgis\desktop10.4\ArcToolbox\Toolboxes\Data Management Tools.tbx\CopyFeatures" Date="20180718" Time="163732">CopyFeatures E:\P1\Production\USDM\raw\usdm20180717\Drought_Impacts_Type.shp E:\P1\Production\USDM\processed\20180717.gdb\Drought_Impacts_Type_P # 0 0 0</Process><Process ToolSource="c:\program files (x86)\arcgis\desktop10.4\ArcToolbox\Toolboxes\Data Management Tools.tbx\CopyFeatures" Date="20180718" Time="174508">CopyFeatures E:\P1\Production\USDM\processed\20180717.gdb\Drought_Impacts_Type_P E:\P1\Production\USDM\output\data\shapefiles_r\Drought_Impacts_Type_P.shp # 0 0 0</Process><Process ToolSource="c:\program files (x86)\arcgis\desktop10.4\ArcToolbox\Toolboxes\Data Management Tools.tbx\Rename" Date="20180718" Time="174509">Rename E:\P1\Production\USDM\output\data\shapefiles_r\Drought_Impacts_Type_P.shp E:\P1\Production\USDM\output\data\shapefiles_r\Drought_Impacts_Type.shp FeatureClass</Process><Process ToolSource="c:\program files (x86)\arcgis\desktop10.4\ArcToolbox\Toolboxes\Data Management Tools.tbx\CopyFeatures" Date="20180725" Time="155524">CopyFeatures E:\P1\Production\USDM\raw\usdm20180724\Drought_Impacts_Type.shp E:\P1\Production\USDM\processed\20180724.gdb\Drought_Impacts_Type_P # 0 0 0</Process><Process ToolSource="c:\program files (x86)\arcgis\desktop10.4\ArcToolbox\Toolboxes\Data Management Tools.tbx\CopyFeatures" Date="20180725" Time="170029">CopyFeatures E:\P1\Production\USDM\processed\20180724.gdb\Drought_Impacts_Type_P E:\P1\Production\USDM\output\data\shapefiles_r\Drought_Impacts_Type_P.shp # 0 0 0</Process><Process ToolSource="c:\program files (x86)\arcgis\desktop10.4\ArcToolbox\Toolboxes\Data Management Tools.tbx\Rename" Date="20180725" Time="170030">Rename E:\P1\Production\USDM\output\data\shapefiles_r\Drought_Impacts_Type_P.shp E:\P1\Production\USDM\output\data\shapefiles_r\Drought_Impacts_Type.shp FeatureClass</Process><Process ToolSource="c:\program files (x86)\arcgis\desktop10.4\ArcToolbox\Toolboxes\Data Management Tools.tbx\CopyFeatures" Date="20180801" Time="162216">CopyFeatures E:\P1\Production\USDM\raw\usdm20180731\Drought_Impacts_Type.shp E:\P1\Production\USDM\processed\20180731.gdb\Drought_Impacts_Type_P # 0 0 0</Process><Process ToolSource="c:\program files (x86)\arcgis\desktop10.4\ArcToolbox\Toolboxes\Data Management Tools.tbx\CopyFeatures" Date="20180801" Time="173422">CopyFeatures E:\P1\Production\USDM\processed\20180731.gdb\Drought_Impacts_Type_P E:\P1\Production\USDM\output\data\shapefiles_r\Drought_Impacts_Type_P.shp # 0 0 0</Process><Process ToolSource="c:\program files (x86)\arcgis\desktop10.4\ArcToolbox\Toolboxes\Data Management Tools.tbx\Rename" Date="20180801" Time="173423">Rename E:\P1\Production\USDM\output\data\shapefiles_r\Drought_Impacts_Type_P.shp E:\P1\Production\USDM\output\data\shapefiles_r\Drought_Impacts_Type.shp FeatureClass</Process><Process ToolSource="c:\program files (x86)\arcgis\desktop10.4\ArcToolbox\Toolboxes\Data Management Tools.tbx\CopyFeatures" Date="20180809" Time="011359">CopyFeatures E:\P1\Production\USDM\raw\usdm20180807\Drought_Impacts_Type.shp E:\P1\Production\USDM\processed\20180807.gdb\Drought_Impacts_Type_P # 0 0 0</Process><Process ToolSource="c:\program files (x86)\arcgis\desktop10.4\ArcToolbox\Toolboxes\Data Management Tools.tbx\CopyFeatures" Date="20180809" Time="072045">CopyFeatures E:\P1\Production\USDM\processed\20180807.gdb\Drought_Impacts_Type_P E:\P1\Production\USDM\output\data\shapefiles_r\Drought_Impacts_Type_P.shp # 0 0 0</Process><Process ToolSource="c:\program files (x86)\arcgis\desktop10.4\ArcToolbox\Toolboxes\Data Management Tools.tbx\Rename" Date="20180809" Time="072045">Rename E:\P1\Production\USDM\output\data\shapefiles_r\Drought_Impacts_Type_P.shp E:\P1\Production\USDM\output\data\shapefiles_r\Drought_Impacts_Type.shp FeatureClass</Process><Process ToolSource="c:\program files (x86)\arcgis\desktop10.4\ArcToolbox\Toolboxes\Data Management Tools.tbx\CopyFeatures" Date="20180815" Time="190940">CopyFeatures E:\P1\Production\USDM\raw\usdm20180814\Drought_Impacts_Type.shp E:\P1\Production\USDM\processed\20180814.gdb\Drought_Impacts_Type_P # 0 0 0</Process><Process ToolSource="c:\program files (x86)\arcgis\desktop10.4\ArcToolbox\Toolboxes\Data Management Tools.tbx\CopyFeatures" Date="20180815" Time="200834">CopyFeatures E:\P1\Production\USDM\processed\20180814.gdb\Drought_Impacts_Type_P E:\P1\Production\USDM\output\data\shapefiles_r\Drought_Impacts_Type_P.shp # 0 0 0</Process><Process ToolSource="c:\program files (x86)\arcgis\desktop10.4\ArcToolbox\Toolboxes\Data Management Tools.tbx\Rename" Date="20180815" Time="200835">Rename E:\P1\Production\USDM\output\data\shapefiles_r\Drought_Impacts_Type_P.shp E:\P1\Production\USDM\output\data\shapefiles_r\Drought_Impacts_Type.shp FeatureClass</Process><Process ToolSource="c:\program files (x86)\arcgis\desktop10.4\ArcToolbox\Toolboxes\Data Management Tools.tbx\CopyFeatures" Date="20180822" Time="173526">CopyFeatures E:\P1\Production\USDM\raw\usdm20180821\Drought_Impacts_Type.shp E:\P1\Production\USDM\processed\20180821.gdb\Drought_Impacts_Type_P # 0 0 0</Process><Process ToolSource="c:\program files (x86)\arcgis\desktop10.4\ArcToolbox\Toolboxes\Data Management Tools.tbx\CopyFeatures" Date="20180822" Time="183405">CopyFeatures E:\P1\Production\USDM\processed\20180821.gdb\Drought_Impacts_Type_P E:\P1\Production\USDM\output\data\shapefiles_r\Drought_Impacts_Type_P.shp # 0 0 0</Process><Process ToolSource="c:\program files (x86)\arcgis\desktop10.4\ArcToolbox\Toolboxes\Data Management Tools.tbx\Rename" Date="20180822" Time="183406">Rename E:\P1\Production\USDM\output\data\shapefiles_r\Drought_Impacts_Type_P.shp E:\P1\Production\USDM\output\data\shapefiles_r\Drought_Impacts_Type.shp FeatureClass</Process><Process ToolSource="c:\program files (x86)\arcgis\desktop10.4\ArcToolbox\Toolboxes\Data Management Tools.tbx\CopyFeatures" Date="20180829" Time="160741">CopyFeatures E:\P1\Production\USDM\raw\usdm20180828\Drought_Impacts_Type.shp E:\P1\Production\USDM\processed\20180828.gdb\Drought_Impacts_Type_P # 0 0 0</Process><Process ToolSource="c:\program files (x86)\arcgis\desktop10.4\ArcToolbox\Toolboxes\Data Management Tools.tbx\CopyFeatures" Date="20180829" Time="172805">CopyFeatures E:\P1\Production\USDM\processed\20180828.gdb\Drought_Impacts_Type_P E:\P1\Production\USDM\output\data\shapefiles_r\Drought_Impacts_Type_P.shp # 0 0 0</Process><Process ToolSource="c:\program files (x86)\arcgis\desktop10.4\ArcToolbox\Toolboxes\Data Management Tools.tbx\Rename" Date="20180829" Time="172806">Rename E:\P1\Production\USDM\output\data\shapefiles_r\Drought_Impacts_Type_P.shp E:\P1\Production\USDM\output\data\shapefiles_r\Drought_Impacts_Type.shp FeatureClass</Process><Process ToolSource="c:\program files (x86)\arcgis\desktop10.4\ArcToolbox\Toolboxes\Data Management Tools.tbx\CopyFeatures" Date="20180912" Time="181745">CopyFeatures E:\P1\Production\USDM\raw\usdm20180911\Drought_Impacts_Type.shp E:\P1\Production\USDM\processed\20180911.gdb\Drought_Impacts_Type_P # 0 0 0</Process><Process ToolSource="c:\program files (x86)\arcgis\desktop10.4\ArcToolbox\Toolboxes\Data Management Tools.tbx\CopyFeatures" Date="20180912" Time="192624">CopyFeatures E:\P1\Production\USDM\processed\20180911.gdb\Drought_Impacts_Type_P E:\P1\Production\USDM\output\data\shapefiles_r\Drought_Impacts_Type_P.shp # 0 0 0</Process><Process ToolSource="c:\program files (x86)\arcgis\desktop10.4\ArcToolbox\Toolboxes\Data Management Tools.tbx\Rename" Date="20180912" Time="192625">Rename E:\P1\Production\USDM\output\data\shapefiles_r\Drought_Impacts_Type_P.shp E:\P1\Production\USDM\output\data\shapefiles_r\Drought_Impacts_Type.shp FeatureClass</Process><Process ToolSource="c:\program files (x86)\arcgis\desktop10.4\ArcToolbox\Toolboxes\Data Management Tools.tbx\CopyFeatures" Date="20180919" Time="151313">CopyFeatures E:\P1\Production\USDM\raw\usdm20180918\Drought_Impacts_Type.shp E:\P1\Production\USDM\processed\20180918.gdb\Drought_Impacts_Type_P # 0 0 0</Process><Process ToolSource="c:\program files (x86)\arcgis\desktop10.4\ArcToolbox\Toolboxes\Data Management Tools.tbx\CopyFeatures" Date="20180919" Time="175224">CopyFeatures E:\P1\Production\USDM\processed\20180918.gdb\Drought_Impacts_Type_P E:\P1\Production\USDM\output\data\shapefiles_r\Drought_Impacts_Type_P.shp # 0 0 0</Process><Process ToolSource="c:\program files (x86)\arcgis\desktop10.4\ArcToolbox\Toolboxes\Data Management Tools.tbx\Rename" Date="20180919" Time="175225">Rename E:\P1\Production\USDM\output\data\shapefiles_r\Drought_Impacts_Type_P.shp E:\P1\Production\USDM\output\data\shapefiles_r\Drought_Impacts_Type.shp FeatureClass</Process><Process ToolSource="c:\program files (x86)\arcgis\desktop10.4\ArcToolbox\Toolboxes\Data Management Tools.tbx\CopyFeatures" Date="20180926" Time="152804">CopyFeatures E:\P1\Production\USDM\raw\usdm20180925\Drought_Impacts_Type.shp E:\P1\Production\USDM\processed\20180925.gdb\Drought_Impacts_Type_P # 0 0 0</Process><Process ToolSource="c:\program files (x86)\arcgis\desktop10.4\ArcToolbox\Toolboxes\Data Management Tools.tbx\CopyFeatures" Date="20180926" Time="163730">CopyFeatures E:\P1\Production\USDM\processed\20180925.gdb\Drought_Impacts_Type_P E:\P1\Production\USDM\output\data\shapefiles_r\Drought_Impacts_Type_P.shp # 0 0 0</Process><Process ToolSource="c:\program files (x86)\arcgis\desktop10.4\ArcToolbox\Toolboxes\Data Management Tools.tbx\Rename" Date="20180926" Time="163731">Rename E:\P1\Production\USDM\output\data\shapefiles_r\Drought_Impacts_Type_P.shp E:\P1\Production\USDM\output\data\shapefiles_r\Drought_Impacts_Type.shp FeatureClass</Process><Process ToolSource="c:\program files (x86)\arcgis\desktop10.4\ArcToolbox\Toolboxes\Data Management Tools.tbx\CopyFeatures" Date="20181010" Time="172830">CopyFeatures E:\P1\Production\USDM\raw\usdm20181009\Drought_Impacts_Type.shp E:\P1\Production\USDM\processed\20181009.gdb\Drought_Impacts_Type_P # 0 0 0</Process><Process ToolSource="c:\program files (x86)\arcgis\desktop10.4\ArcToolbox\Toolboxes\Data Management Tools.tbx\CopyFeatures" Date="20181010" Time="183025">CopyFeatures E:\P1\Production\USDM\processed\20181009.gdb\Drought_Impacts_Type_P E:\P1\Production\USDM\output\data\authorfiles\temp\Drought_Impacts_Type_P.shp # 0 0 0</Process><Process ToolSource="c:\program files (x86)\arcgis\desktop10.4\ArcToolbox\Toolboxes\Data Management Tools.tbx\Rename" Date="20181010" Time="183026">Rename E:\P1\Production\USDM\output\data\authorfiles\temp\Drought_Impacts_Type_P.shp E:\P1\Production\USDM\output\data\authorfiles\temp\Drought_Impacts_Type.shp FeatureClass</Process><Process ToolSource="c:\program files (x86)\arcgis\desktop10.4\ArcToolbox\Toolboxes\Data Management Tools.tbx\CopyFeatures" Date="20181017" Time="162151">CopyFeatures E:\P1\Production\USDM\raw\usdm20181016\Drought_Impacts_Type.shp E:\P1\Production\USDM\processed\20181016.gdb\Drought_Impacts_Type_P # 0 0 0</Process><Process ToolSource="c:\program files (x86)\arcgis\desktop10.4\ArcToolbox\Toolboxes\Data Management Tools.tbx\CopyFeatures" Date="20181017" Time="172332">CopyFeatures E:\P1\Production\USDM\processed\20181016.gdb\Drought_Impacts_Type_P E:\P1\Production\USDM\output\data\authorfiles\temp\Drought_Impacts_Type_P.shp # 0 0 0</Process><Process ToolSource="c:\program files (x86)\arcgis\desktop10.4\ArcToolbox\Toolboxes\Data Management Tools.tbx\Rename" Date="20181017" Time="172333">Rename E:\P1\Production\USDM\output\data\authorfiles\temp\Drought_Impacts_Type_P.shp E:\P1\Production\USDM\output\data\authorfiles\temp\Drought_Impacts_Type.shp FeatureClass</Process><Process ToolSource="c:\program files (x86)\arcgis\desktop10.4\ArcToolbox\Toolboxes\Data Management Tools.tbx\CopyFeatures" Date="20181024" Time="141532">CopyFeatures E:\P1\Production\USDM\raw\usdm20181023\Drought_Impacts_Type.shp E:\P1\Production\USDM\processed\20181023.gdb\Drought_Impacts_Type_P # 0 0 0</Process><Process ToolSource="c:\program files (x86)\arcgis\desktop10.4\ArcToolbox\Toolboxes\Data Management Tools.tbx\CopyFeatures" Date="20181024" Time="151426">CopyFeatures E:\P1\Production\USDM\processed\20181023.gdb\Drought_Impacts_Type_P E:\P1\Production\USDM\output\data\shapefiles_r\Drought_Impacts_Type_P.shp # 0 0 0</Process><Process ToolSource="c:\program files (x86)\arcgis\desktop10.4\ArcToolbox\Toolboxes\Data Management Tools.tbx\Rename" Date="20181024" Time="151427">Rename E:\P1\Production\USDM\output\data\shapefiles_r\Drought_Impacts_Type_P.shp E:\P1\Production\USDM\output\data\shapefiles_r\Drought_Impacts_Type.shp FeatureClass</Process><Process ToolSource="c:\program files (x86)\arcgis\desktop10.4\ArcToolbox\Toolboxes\Data Management Tools.tbx\CopyFeatures" Date="20181031" Time="144225">CopyFeatures E:\P1\Production\USDM\raw\usdm20181030\Drought_Impacts_Type.shp E:\P1\Production\USDM\processed\20181030.gdb\Drought_Impacts_Type_P # 0 0 0</Process><Process ToolSource="c:\program files (x86)\arcgis\desktop10.4\ArcToolbox\Toolboxes\Data Management Tools.tbx\CopyFeatures" Date="20181031" Time="154415">CopyFeatures E:\P1\Production\USDM\processed\20181030.gdb\Drought_Impacts_Type_P E:\P1\Production\USDM\output\data\shapefiles_r\Drought_Impacts_Type_P.shp # 0 0 0</Process><Process ToolSource="c:\program files (x86)\arcgis\desktop10.4\ArcToolbox\Toolboxes\Data Management Tools.tbx\Rename" Date="20181031" Time="154416">Rename E:\P1\Production\USDM\output\data\shapefiles_r\Drought_Impacts_Type_P.shp E:\P1\Production\USDM\output\data\shapefiles_r\Drought_Impacts_Type.shp FeatureClass</Process><Process ToolSource="c:\program files (x86)\arcgis\desktop10.4\ArcToolbox\Toolboxes\Data Management Tools.tbx\CopyFeatures" Date="20181107" Time="134829">CopyFeatures E:\P1\Production\USDM\raw\usdm20181106\Drought_Impacts_Type.shp E:\P1\Production\USDM\processed\20181106.gdb\Drought_Impacts_Type_P # 0 0 0</Process><Process ToolSource="c:\program files (x86)\arcgis\desktop10.4\ArcToolbox\Toolboxes\Data Management Tools.tbx\CopyFeatures" Date="20181107" Time="144755">CopyFeatures E:\P1\Production\USDM\processed\20181106.gdb\Drought_Impacts_Type_P E:\P1\Production\USDM\output\data\shapefiles_r\Drought_Impacts_Type_P.shp # 0 0 0</Process><Process ToolSource="c:\program files (x86)\arcgis\desktop10.4\ArcToolbox\Toolboxes\Data Management Tools.tbx\Rename" Date="20181107" Time="144756">Rename E:\P1\Production\USDM\output\data\shapefiles_r\Drought_Impacts_Type_P.shp E:\P1\Production\USDM\output\data\shapefiles_r\Drought_Impacts_Type.shp FeatureClass</Process><Process ToolSource="c:\program files (x86)\arcgis\desktop10.4\ArcToolbox\Toolboxes\Data Management Tools.tbx\CopyFeatures" Date="20181114" Time="131908">CopyFeatures E:\P1\Production\USDM\raw\usdm20181113\Drought_Impacts_Type.shp E:\P1\Production\USDM\processed\20181113.gdb\Drought_Impacts_Type_P # 0 0 0</Process><Process ToolSource="c:\program files (x86)\arcgis\desktop10.4\ArcToolbox\Toolboxes\Data Management Tools.tbx\CopyFeatures" Date="20181114" Time="160054">CopyFeatures E:\P1\Production\USDM\processed\20181113.gdb\Drought_Impacts_Type_P E:\P1\Production\USDM\output\data\shapefiles_r\Drought_Impacts_Type_P.shp # 0 0 0</Process><Process ToolSource="c:\program files (x86)\arcgis\desktop10.4\ArcToolbox\Toolboxes\Data Management Tools.tbx\Rename" Date="20181114" Time="160055">Rename E:\P1\Production\USDM\output\data\shapefiles_r\Drought_Impacts_Type_P.shp E:\P1\Production\USDM\output\data\shapefiles_r\Drought_Impacts_Type.shp FeatureClass</Process><Process ToolSource="c:\program files (x86)\arcgis\desktop10.4\ArcToolbox\Toolboxes\Data Management Tools.tbx\CopyFeatures" Date="20181120" Time="161852">CopyFeatures E:\P1\Production\USDM\raw\usdm20181120\Drought_Impacts_Type.shp E:\P1\Production\USDM\processed\20181120.gdb\Drought_Impacts_Type_P # 0 0 0</Process><Process ToolSource="c:\program files (x86)\arcgis\desktop10.4\ArcToolbox\Toolboxes\Data Management Tools.tbx\CopyFeatures" Date="20181120" Time="181635">CopyFeatures E:\P1\Production\USDM\processed\20181120.gdb\Drought_Impacts_Type_P E:\P1\Production\USDM\output\data\shapefiles_r\Drought_Impacts_Type_P.shp # 0 0 0</Process><Process ToolSource="c:\program files (x86)\arcgis\desktop10.4\ArcToolbox\Toolboxes\Data Management Tools.tbx\Rename" Date="20181120" Time="181636">Rename E:\P1\Production\USDM\output\data\shapefiles_r\Drought_Impacts_Type_P.shp E:\P1\Production\USDM\output\data\shapefiles_r\Drought_Impacts_Type.shp FeatureClass</Process><Process ToolSource="c:\program files (x86)\arcgis\desktop10.4\ArcToolbox\Toolboxes\Data Management Tools.tbx\CopyFeatures" Date="20181128" Time="154954">CopyFeatures E:\P1\Production\USDM\raw\usdm20181127\Drought_Impacts_Type.shp E:\P1\Production\USDM\processed\20181127.gdb\Drought_Impacts_Type_P # 0 0 0</Process><Process ToolSource="c:\program files (x86)\arcgis\desktop10.4\ArcToolbox\Toolboxes\Data Management Tools.tbx\CopyFeatures" Date="20181128" Time="182747">CopyFeatures E:\P1\Production\USDM\processed\20181127.gdb\Drought_Impacts_Type_P E:\P1\Production\USDM\output\data\shapefiles_r\Drought_Impacts_Type_P.shp # 0 0 0</Process><Process ToolSource="c:\program files (x86)\arcgis\desktop10.4\ArcToolbox\Toolboxes\Data Management Tools.tbx\Rename" Date="20181128" Time="182748">Rename E:\P1\Production\USDM\output\data\shapefiles_r\Drought_Impacts_Type_P.shp E:\P1\Production\USDM\output\data\shapefiles_r\Drought_Impacts_Type.shp FeatureClass</Process><Process ToolSource="c:\program files (x86)\arcgis\desktop10.4\ArcToolbox\Toolboxes\Data Management Tools.tbx\CopyFeatures" Date="20181205" Time="123245">CopyFeatures E:\P1\Production\USDM\raw\usdm20181204\Drought_Impacts_Type.shp E:\P1\Production\USDM\processed\20181204.gdb\Drought_Impacts_Type_P # 0 0 0</Process><Process ToolSource="c:\program files (x86)\arcgis\desktop10.4\ArcToolbox\Toolboxes\Data Management Tools.tbx\CopyFeatures" Date="20181205" Time="134005">CopyFeatures E:\P1\Production\USDM\processed\20181204.gdb\Drought_Impacts_Type_P E:\P1\Production\USDM\output\data\shapefiles_r\Drought_Impacts_Type_P.shp # 0 0 0</Process><Process ToolSource="c:\program files (x86)\arcgis\desktop10.4\ArcToolbox\Toolboxes\Data Management Tools.tbx\Rename" Date="20181205" Time="134006">Rename E:\P1\Production\USDM\output\data\shapefiles_r\Drought_Impacts_Type_P.shp E:\P1\Production\USDM\output\data\shapefiles_r\Drought_Impacts_Type.shp FeatureClass</Process><Process ToolSource="c:\program files (x86)\arcgis\desktop10.4\ArcToolbox\Toolboxes\Data Management Tools.tbx\CopyFeatures" Date="20181212" Time="163637">CopyFeatures E:\P1\Production\USDM\raw\usdm20181211\Drought_Impacts_Type.shp E:\P1\Production\USDM\processed\20181211.gdb\Drought_Impacts_Type_P # 0 0 0</Process><Process ToolSource="c:\program files (x86)\arcgis\desktop10.4\ArcToolbox\Toolboxes\Data Management Tools.tbx\CopyFeatures" Date="20181212" Time="174935">CopyFeatures E:\P1\Production\USDM\processed\20181211.gdb\Drought_Impacts_Type_P E:\P1\Production\USDM\output\data\shapefiles_r\Drought_Impacts_Type_P.shp # 0 0 0</Process><Process ToolSource="c:\program files (x86)\arcgis\desktop10.4\ArcToolbox\Toolboxes\Data Management Tools.tbx\Rename" Date="20181212" Time="174935">Rename E:\P1\Production\USDM\output\data\shapefiles_r\Drought_Impacts_Type_P.shp E:\P1\Production\USDM\output\data\shapefiles_r\Drought_Impacts_Type.shp FeatureClass</Process><Process ToolSource="c:\program files (x86)\arcgis\desktop10.4\ArcToolbox\Toolboxes\Data Management Tools.tbx\CopyFeatures" Date="20181219" Time="163004">CopyFeatures E:\P1\Production\USDM\raw\usdm20181218\Drought_Impacts_Type.shp E:\P1\Production\USDM\processed\20181218.gdb\Drought_Impacts_Type_P # 0 0 0</Process><Process ToolSource="c:\program files (x86)\arcgis\desktop10.4\ArcToolbox\Toolboxes\Data Management Tools.tbx\CopyFeatures" Date="20181219" Time="174950">CopyFeatures E:\P1\Production\USDM\processed\20181218.gdb\Drought_Impacts_Type_P E:\P1\Production\USDM\output\data\shapefiles_r\Drought_Impacts_Type_P.shp # 0 0 0</Process><Process ToolSource="c:\program files (x86)\arcgis\desktop10.4\ArcToolbox\Toolboxes\Data Management Tools.tbx\Rename" Date="20181219" Time="174951">Rename E:\P1\Production\USDM\output\data\shapefiles_r\Drought_Impacts_Type_P.shp E:\P1\Production\USDM\output\data\shapefiles_r\Drought_Impacts_Type.shp FeatureClass</Process><Process ToolSource="c:\program files (x86)\arcgis\desktop10.4\ArcToolbox\Toolboxes\Data Management Tools.tbx\CopyFeatures" Date="20181226" Time="171136">CopyFeatures E:\P1\Production\USDM\raw\usdm20181225\Drought_Impacts_Type.shp E:\P1\Production\USDM\processed\20181225.gdb\Drought_Impacts_Type_P # 0 0 0</Process><Process ToolSource="c:\program files (x86)\arcgis\desktop10.4\ArcToolbox\Toolboxes\Data Management Tools.tbx\CopyFeatures" Date="20181226" Time="183217">CopyFeatures E:\P1\Production\USDM\processed\20181225.gdb\Drought_Impacts_Type_P E:\P1\Production\USDM\output\data\shapefiles_r\Drought_Impacts_Type_P.shp # 0 0 0</Process><Process ToolSource="c:\program files (x86)\arcgis\desktop10.4\ArcToolbox\Toolboxes\Data Management Tools.tbx\Rename" Date="20181226" Time="183218">Rename E:\P1\Production\USDM\output\data\shapefiles_r\Drought_Impacts_Type_P.shp E:\P1\Production\USDM\output\data\shapefiles_r\Drought_Impacts_Type.shp FeatureClass</Process><Process ToolSource="c:\program files (x86)\arcgis\desktop10.4\ArcToolbox\Toolboxes\Data Management Tools.tbx\CopyFeatures" Date="20190109" Time="142015">CopyFeatures E:\P1\Production\USDM\raw\usdm20190108\Drought_Impacts_Type.shp E:\P1\Production\USDM\processed\20190108.gdb\Drought_Impacts_Type_P # 0 0 0</Process><Process ToolSource="c:\program files (x86)\arcgis\desktop10.4\ArcToolbox\Toolboxes\Data Management Tools.tbx\CopyFeatures" Date="20190109" Time="152910">CopyFeatures E:\P1\Production\USDM\processed\20190108.gdb\Drought_Impacts_Type_P E:\P1\Production\USDM\output\data\shapefiles_r\Drought_Impacts_Type_P.shp # 0 0 0</Process><Process ToolSource="c:\program files (x86)\arcgis\desktop10.4\ArcToolbox\Toolboxes\Data Management Tools.tbx\Rename" Date="20190109" Time="152911">Rename E:\P1\Production\USDM\output\data\shapefiles_r\Drought_Impacts_Type_P.shp E:\P1\Production\USDM\output\data\shapefiles_r\Drought_Impacts_Type.shp FeatureClass</Process><Process ToolSource="c:\program files (x86)\arcgis\desktop10.4\ArcToolbox\Toolboxes\Data Management Tools.tbx\CopyFeatures" Date="20190116" Time="143421">CopyFeatures E:\P1\Production\USDM\raw\usdm20190115\Drought_Impacts_Type.shp E:\P1\Production\USDM\processed\20190115.gdb\Drought_Impacts_Type_P # 0 0 0</Process><Process ToolSource="c:\program files (x86)\arcgis\desktop10.4\ArcToolbox\Toolboxes\Data Management Tools.tbx\CopyFeatures" Date="20190116" Time="153513">CopyFeatures E:\P1\Production\USDM\processed\20190115.gdb\Drought_Impacts_Type_P E:\P1\Production\USDM\output\data\shapefiles_r\Drought_Impacts_Type_P.shp # 0 0 0</Process><Process ToolSource="c:\program files (x86)\arcgis\desktop10.4\ArcToolbox\Toolboxes\Data Management Tools.tbx\Rename" Date="20190116" Time="153514">Rename E:\P1\Production\USDM\output\data\shapefiles_r\Drought_Impacts_Type_P.shp E:\P1\Production\USDM\output\data\shapefiles_r\Drought_Impacts_Type.shp FeatureClass</Process><Process ToolSource="c:\program files (x86)\arcgis\desktop10.4\ArcToolbox\Toolboxes\Data Management Tools.tbx\CopyFeatures" Date="20190123" Time="153207">CopyFeatures E:\P1\Production\USDM\raw\usdm20190122\Drought_Impacts_Type.shp E:\P1\Production\USDM\processed\20190122.gdb\Drought_Impacts_Type_P # 0 0 0</Process><Process ToolSource="c:\program files (x86)\arcgis\desktop10.4\ArcToolbox\Toolboxes\Data Management Tools.tbx\CopyFeatures" Date="20190123" Time="172458">CopyFeatures E:\P1\Production\USDM\processed\20190122.gdb\Drought_Impacts_Type_P E:\P1\Production\USDM\output\data\shapefiles_r\Drought_Impacts_Type_P.shp # 0 0 0</Process><Process ToolSource="c:\program files (x86)\arcgis\desktop10.4\ArcToolbox\Toolboxes\Data Management Tools.tbx\Rename" Date="20190123" Time="172459">Rename E:\P1\Production\USDM\output\data\shapefiles_r\Drought_Impacts_Type_P.shp E:\P1\Production\USDM\output\data\shapefiles_r\Drought_Impacts_Type.shp FeatureClass</Process><Process ToolSource="c:\program files (x86)\arcgis\desktop10.4\ArcToolbox\Toolboxes\Data Management Tools.tbx\CopyFeatures" Date="20190130" Time="144659">CopyFeatures E:\P1\Production\USDM\raw\usdm20190129\Drought_Impacts_Type.shp E:\P1\Production\USDM\processed\20190129.gdb\Drought_Impacts_Type_P # 0 0 0</Process><Process ToolSource="c:\program files (x86)\arcgis\desktop10.4\ArcToolbox\Toolboxes\Data Management Tools.tbx\CopyFeatures" Date="20190130" Time="155319">CopyFeatures E:\P1\Production\USDM\processed\20190129.gdb\Drought_Impacts_Type_P E:\P1\Production\USDM\output\data\shapefiles_r\Drought_Impacts_Type_P.shp # 0 0 0</Process><Process ToolSource="c:\program files (x86)\arcgis\desktop10.4\ArcToolbox\Toolboxes\Data Management Tools.tbx\Rename" Date="20190130" Time="155320">Rename E:\P1\Production\USDM\output\data\shapefiles_r\Drought_Impacts_Type_P.shp E:\P1\Production\USDM\output\data\shapefiles_r\Drought_Impacts_Type.shp FeatureClass</Process><Process ToolSource="c:\program files (x86)\arcgis\desktop10.4\ArcToolbox\Toolboxes\Data Management Tools.tbx\CopyFeatures" Date="20190213" Time="180005">CopyFeatures E:\P1\Production\USDM\raw\usdm20190212\Drought_Impacts_Type.shp E:\P1\Production\USDM\processed\20190212.gdb\Drought_Impacts_Type_P # 0 0 0</Process><Process ToolSource="c:\program files (x86)\arcgis\desktop10.4\ArcToolbox\Toolboxes\Data Management Tools.tbx\CopyFeatures" Date="20190213" Time="190412">CopyFeatures E:\P1\Production\USDM\processed\20190212.gdb\Drought_Impacts_Type_P E:\P1\Production\USDM\output\data\authorfiles\temp\Drought_Impacts_Type_P.shp # 0 0 0</Process><Process ToolSource="c:\program files (x86)\arcgis\desktop10.4\ArcToolbox\Toolboxes\Data Management Tools.tbx\Rename" Date="20190213" Time="190413">Rename E:\P1\Production\USDM\output\data\authorfiles\temp\Drought_Impacts_Type_P.shp E:\P1\Production\USDM\output\data\authorfiles\temp\Drought_Impacts_Type.shp FeatureClass</Process><Process ToolSource="c:\program files (x86)\arcgis\desktop10.4\ArcToolbox\Toolboxes\Data Management Tools.tbx\CopyFeatures" Date="20190220" Time="152418">CopyFeatures E:\P1\Production\USDM\raw\usdm20190219\Drought_Impacts_Type.shp E:\P1\Production\USDM\processed\20190219.gdb\Drought_Impacts_Type_P # 0 0 0</Process><Process ToolSource="c:\program files (x86)\arcgis\desktop10.4\ArcToolbox\Toolboxes\Data Management Tools.tbx\CopyFeatures" Date="20190220" Time="181106">CopyFeatures E:\P1\Production\USDM\processed\20190219.gdb\Drought_Impacts_Type_P E:\P1\Production\USDM\output\data\authorfiles\temp\Drought_Impacts_Type_P.shp # 0 0 0</Process><Process ToolSource="c:\program files (x86)\arcgis\desktop10.4\ArcToolbox\Toolboxes\Data Management Tools.tbx\Rename" Date="20190220" Time="181107">Rename E:\P1\Production\USDM\output\data\authorfiles\temp\Drought_Impacts_Type_P.shp E:\P1\Production\USDM\output\data\authorfiles\temp\Drought_Impacts_Type.shp FeatureClass</Process><Process ToolSource="c:\program files (x86)\arcgis\desktop10.4\ArcToolbox\Toolboxes\Data Management Tools.tbx\CopyFeatures" Date="20190228" Time="095437">CopyFeatures E:\P1\Production\USDM\raw\usdm20190226\Drought_Impacts_Type.shp E:\P1\Production\USDM\processed\20190226.gdb\Drought_Impacts_Type_P # 0 0 0</Process><Process ToolSource="c:\program files (x86)\arcgis\desktop10.4\ArcToolbox\Toolboxes\Data Management Tools.tbx\CopyFeatures" Date="20190228" Time="104524">CopyFeatures E:\P1\Production\USDM\processed\20190226.gdb\Drought_Impacts_Type_P E:\P1\Production\USDM\output\data\authorfiles\temp\Drought_Impacts_Type_P.shp # 0 0 0</Process><Process ToolSource="c:\program files (x86)\arcgis\desktop10.4\ArcToolbox\Toolboxes\Data Management Tools.tbx\Rename" Date="20190228" Time="104525">Rename E:\P1\Production\USDM\output\data\authorfiles\temp\Drought_Impacts_Type_P.shp E:\P1\Production\USDM\output\data\authorfiles\temp\Drought_Impacts_Type.shp FeatureClass</Process><Process ToolSource="c:\program files (x86)\arcgis\desktop10.4\ArcToolbox\Toolboxes\Data Management Tools.tbx\CopyFeatures" Date="20190306" Time="164327">CopyFeatures E:\P1\Production\USDM\raw\usdm20190305\Drought_Impacts_Type.shp E:\P1\Production\USDM\processed\20190305.gdb\Drought_Impacts_Type_P # 0 0 0</Process><Process ToolSource="c:\program files (x86)\arcgis\desktop10.4\ArcToolbox\Toolboxes\Data Management Tools.tbx\CopyFeatures" Date="20190306" Time="180117">CopyFeatures E:\P1\Production\USDM\processed\20190305.gdb\Drought_Impacts_Type_P E:\P1\Production\USDM\output\data\shapefiles_r\Drought_Impacts_Type_P.shp # 0 0 0</Process><Process ToolSource="c:\program files (x86)\arcgis\desktop10.4\ArcToolbox\Toolboxes\Data Management Tools.tbx\Rename" Date="20190306" Time="180118">Rename E:\P1\Production\USDM\output\data\shapefiles_r\Drought_Impacts_Type_P.shp E:\P1\Production\USDM\output\data\shapefiles_r\Drought_Impacts_Type.shp FeatureClass</Process><Process ToolSource="c:\program files (x86)\arcgis\desktop10.4\ArcToolbox\Toolboxes\Data Management Tools.tbx\CopyFeatures" Date="20190313" Time="150435">CopyFeatures E:\P1\Production\USDM\raw\usdm20190312\Drought_Impacts_Type.shp E:\P1\Production\USDM\processed\20190312.gdb\Drought_Impacts_Type_P # 0 0 0</Process><Process ToolSource="c:\program files (x86)\arcgis\desktop10.4\ArcToolbox\Toolboxes\Data Management Tools.tbx\CopyFeatures" Date="20190313" Time="160706">CopyFeatures E:\P1\Production\USDM\processed\20190312.gdb\Drought_Impacts_Type_P E:\P1\Production\USDM\output\data\shapefiles_r\Drought_Impacts_Type_P.shp # 0 0 0</Process><Process ToolSource="c:\program files (x86)\arcgis\desktop10.4\ArcToolbox\Toolboxes\Data Management Tools.tbx\Rename" Date="20190313" Time="160707">Rename E:\P1\Production\USDM\output\data\shapefiles_r\Drought_Impacts_Type_P.shp E:\P1\Production\USDM\output\data\shapefiles_r\Drought_Impacts_Type.shp FeatureClass</Process><Process ToolSource="c:\program files (x86)\arcgis\desktop10.4\ArcToolbox\Toolboxes\Data Management Tools.tbx\CopyFeatures" Date="20190320" Time="151541">CopyFeatures E:\P1\Production\USDM\raw\usdm20190319\Drought_Impacts_Type.shp E:\P1\Production\USDM\processed\20190319.gdb\Drought_Impacts_Type_P # 0 0 0</Process><Process ToolSource="c:\program files (x86)\arcgis\desktop10.4\ArcToolbox\Toolboxes\Data Management Tools.tbx\CopyFeatures" Date="20190320" Time="170236">CopyFeatures E:\P1\Production\USDM\processed\20190319.gdb\Drought_Impacts_Type_P E:\P1\Production\USDM\output\data\authorfiles\temp\Drought_Impacts_Type_P.shp # 0 0 0</Process><Process ToolSource="c:\program files (x86)\arcgis\desktop10.4\ArcToolbox\Toolboxes\Data Management Tools.tbx\Rename" Date="20190320" Time="170237">Rename E:\P1\Production\USDM\output\data\authorfiles\temp\Drought_Impacts_Type_P.shp E:\P1\Production\USDM\output\data\authorfiles\temp\Drought_Impacts_Type.shp FeatureClass</Process><Process ToolSource="c:\program files (x86)\arcgis\desktop10.4\ArcToolbox\Toolboxes\Data Management Tools.tbx\CopyFeatures" Date="20190327" Time="143557">CopyFeatures E:\P1\Production\USDM\raw\usdm20190326\Drought_Impacts_Type.shp E:\P1\Production\USDM\processed\20190326.gdb\Drought_Impacts_Type_P # 0 0 0</Process><Process ToolSource="c:\program files (x86)\arcgis\desktop10.4\ArcToolbox\Toolboxes\Data Management Tools.tbx\CopyFeatures" Date="20190327" Time="155055">CopyFeatures E:\P1\Production\USDM\processed\20190326.gdb\Drought_Impacts_Type_P E:\P1\Production\USDM\output\data\shapefiles_r\Drought_Impacts_Type_P.shp # 0 0 0</Process><Process ToolSource="c:\program files (x86)\arcgis\desktop10.4\ArcToolbox\Toolboxes\Data Management Tools.tbx\Rename" Date="20190327" Time="155056">Rename E:\P1\Production\USDM\output\data\shapefiles_r\Drought_Impacts_Type_P.shp E:\P1\Production\USDM\output\data\shapefiles_r\Drought_Impacts_Type.shp FeatureClass</Process><Process ToolSource="c:\program files (x86)\arcgis\desktop10.4\ArcToolbox\Toolboxes\Data Management Tools.tbx\CopyFeatures" Date="20190403" Time="161006">CopyFeatures E:\P1\Production\USDM\raw\usdm20190402\Drought_Impacts_Type.shp E:\P1\Production\USDM\processed\20190402.gdb\Drought_Impacts_Type_P # 0 0 0</Process><Process ToolSource="c:\program files (x86)\arcgis\desktop10.4\ArcToolbox\Toolboxes\Data Management Tools.tbx\CopyFeatures" Date="20190403" Time="171808">CopyFeatures E:\P1\Production\USDM\processed\20190402.gdb\Drought_Impacts_Type_P E:\P1\Production\USDM\output\data\shapefiles_r\Drought_Impacts_Type_P.shp # 0 0 0</Process><Process ToolSource="c:\program files (x86)\arcgis\desktop10.4\ArcToolbox\Toolboxes\Data Management Tools.tbx\Rename" Date="20190403" Time="171809">Rename E:\P1\Production\USDM\output\data\shapefiles_r\Drought_Impacts_Type_P.shp E:\P1\Production\USDM\output\data\shapefiles_r\Drought_Impacts_Type.shp FeatureClass</Process><Process ToolSource="c:\program files (x86)\arcgis\desktop10.4\ArcToolbox\Toolboxes\Data Management Tools.tbx\CopyFeatures" Date="20190410" Time="161942">CopyFeatures E:\P1\Production\USDM\raw\usdm20190409\Drought_Impacts_Type.shp E:\P1\Production\USDM\processed\20190409.gdb\Drought_Impacts_Type_P # 0 0 0</Process><Process ToolSource="c:\program files (x86)\arcgis\desktop10.4\ArcToolbox\Toolboxes\Data Management Tools.tbx\CopyFeatures" Date="20190410" Time="194024">CopyFeatures E:\P1\Production\USDM\processed\20190409.gdb\Drought_Impacts_Type_P E:\P1\Production\USDM\output\data\shapefiles_r\Drought_Impacts_Type_P.shp # 0 0 0</Process><Process ToolSource="c:\program files (x86)\arcgis\desktop10.4\ArcToolbox\Toolboxes\Data Management Tools.tbx\Rename" Date="20190410" Time="194025">Rename E:\P1\Production\USDM\output\data\shapefiles_r\Drought_Impacts_Type_P.shp E:\P1\Production\USDM\output\data\shapefiles_r\Drought_Impacts_Type.shp FeatureClass</Process><Process ToolSource="c:\program files (x86)\arcgis\desktop10.4\ArcToolbox\Toolboxes\Data Management Tools.tbx\CopyFeatures" Date="20190424" Time="170135">CopyFeatures E:\P1\Production\USDM\raw\usdm20190423\Drought_Impacts_Type.shp E:\P1\Production\USDM\processed\20190423.gdb\Drought_Impacts_Type_P # 0 0 0</Process><Process ToolSource="c:\program files (x86)\arcgis\desktop10.4\ArcToolbox\Toolboxes\Data Management Tools.tbx\CopyFeatures" Date="20190424" Time="180314">CopyFeatures E:\P1\Production\USDM\processed\20190423.gdb\Drought_Impacts_Type_P E:\P1\Production\USDM\output\data\authorfiles\temp\Drought_Impacts_Type_P.shp # 0 0 0</Process><Process ToolSource="c:\program files (x86)\arcgis\desktop10.4\ArcToolbox\Toolboxes\Data Management Tools.tbx\Rename" Date="20190424" Time="180315">Rename E:\P1\Production\USDM\output\data\authorfiles\temp\Drought_Impacts_Type_P.shp E:\P1\Production\USDM\output\data\authorfiles\temp\Drought_Impacts_Type.shp FeatureClass</Process><Process ToolSource="c:\program files (x86)\arcgis\desktop10.4\ArcToolbox\Toolboxes\Data Management Tools.tbx\CopyFeatures" Date="20190501" Time="150153">CopyFeatures E:\P1\Production\USDM\raw\usdm20190430\Drought_Impacts_Type.shp E:\P1\Production\USDM\processed\20190430.gdb\Drought_Impacts_Type_P # 0 0 0</Process><Process ToolSource="c:\program files (x86)\arcgis\desktop10.4\ArcToolbox\Toolboxes\Data Management Tools.tbx\CopyFeatures" Date="20190501" Time="155932">CopyFeatures E:\P1\Production\USDM\processed\20190430.gdb\Drought_Impacts_Type_P E:\P1\Production\USDM\output\data\shapefiles_r\Drought_Impacts_Type_P.shp # 0 0 0</Process><Process ToolSource="c:\program files (x86)\arcgis\desktop10.4\ArcToolbox\Toolboxes\Data Management Tools.tbx\Rename" Date="20190501" Time="155933">Rename E:\P1\Production\USDM\output\data\shapefiles_r\Drought_Impacts_Type_P.shp E:\P1\Production\USDM\output\data\shapefiles_r\Drought_Impacts_Type.shp FeatureClass</Process><Process ToolSource="c:\program files (x86)\arcgis\desktop10.4\ArcToolbox\Toolboxes\Data Management Tools.tbx\CopyFeatures" Date="20190508" Time="162914">CopyFeatures E:\P1\Production\USDM\raw\usdm20190507\Drought_Impacts_Type.shp E:\P1\Production\USDM\processed\20190507.gdb\Drought_Impacts_Type_P # 0 0 0</Process><Process ToolSource="c:\program files (x86)\arcgis\desktop10.4\ArcToolbox\Toolboxes\Data Management Tools.tbx\CopyFeatures" Date="20190508" Time="184911">CopyFeatures E:\P1\Production\USDM\processed\20190507.gdb\Drought_Impacts_Type_P E:\P1\Production\USDM\output\data\shapefiles_r\Drought_Impacts_Type_P.shp # 0 0 0</Process><Process ToolSource="c:\program files (x86)\arcgis\desktop10.4\ArcToolbox\Toolboxes\Data Management Tools.tbx\Rename" Date="20190508" Time="184912">Rename E:\P1\Production\USDM\output\data\shapefiles_r\Drought_Impacts_Type_P.shp E:\P1\Production\USDM\output\data\shapefiles_r\Drought_Impacts_Type.shp FeatureClass</Process><Process ToolSource="c:\program files (x86)\arcgis\desktop10.4\ArcToolbox\Toolboxes\Data Management Tools.tbx\CopyFeatures" Date="20190515" Time="193928">CopyFeatures E:\P1\Production\USDM\\raw\usdm20190514\Drought_Impacts_Type.shp E:\P1\Production\USDM\\processed\20190514.gdb\Drought_Impacts_Type_P # 0 0 0</Process><Process ToolSource="c:\program files (x86)\arcgis\desktop10.4\ArcToolbox\Toolboxes\Data Management Tools.tbx\CopyFeatures" Date="20190520" Time="085450">CopyFeatures E:\P1\Production\USDM\processed\20190514.gdb\Drought_Impacts_Type_P E:\P1\Production\USDM\output\data\shapefiles_i\Drought_Impacts_Type_P.shp # 0 0 0</Process><Process ToolSource="c:\program files (x86)\arcgis\desktop10.4\ArcToolbox\Toolboxes\Data Management Tools.tbx\Rename" Date="20190520" Time="085451">Rename E:\P1\Production\USDM\output\data\shapefiles_i\Drought_Impacts_Type_P.shp E:\P1\Production\USDM\output\data\shapefiles_i\Drought_Impacts_Type.shp FeatureClass</Process></lineage></DataProperties><SyncDate>20190520</SyncDate><SyncTime>08545000</SyncTime><ModDate>20190520</ModDate><ModTime>08545000</ModTime></Esri><dataIdInfo><envirDesc Sync="TRUE"> Version 6.2 (Build 9200) ; Esri ArcGIS 10.4.1.5686</envirDesc><dataLang><languageCode value="eng" Sync="TRUE"></languageCode><countryCode value="USA" Sync="TRUE"></countryCode></dataLang><idCitation><resTitle Sync="TRUE">Drought_Impacts_Type_P</resTitle><presForm><PresFormCd value="005" Sync="TRUE"></PresFormCd></presForm></idCitation><spatRpType><SpatRepTypCd value="001" Sync="TRUE"></SpatRepTypCd></spatRpType></dataIdInfo><mdLang><languageCode value="eng" Sync="TRUE"></languageCode><countryCode value="USA" Sync="TRUE"></countryCode></mdLang><distInfo><distFormat><formatName Sync="TRUE">Shapefile</formatName></distFormat><distTranOps><transSize Sync="TRUE">0.000</transSize></distTranOps></distInfo><mdHrLv><ScopeCd value="005" Sync="TRUE"></ScopeCd></mdHrLv><mdHrLvName Sync="TRUE">dataset</mdHrLvName><refSysInfo><RefSystem><refSysID><identCode code="102003" Sync="TRUE"></identCode><idCodeSpace Sync="TRUE">Esri</idCodeSpace><idVersion Sync="TRUE">4.0.0</idVersion></refSysID></RefSystem></refSysInfo><spatRepInfo><VectSpatRep><geometObjs Name="Drought_Impacts_Type_P"><geoObjTyp><GeoObjTypCd value="004" Sync="TRUE"></GeoObjTypCd></geoObjTyp><geoObjCnt Sync="TRUE">0</geoObjCnt></geometObjs><topLvl><TopoLevCd value="001" Sync="TRUE"></TopoLevCd></topLvl></VectSpatRep></spatRepInfo><spdoinfo><ptvctinf><esriterm Name="Drought_Impacts_Type_P"><efeatyp Sync="TRUE">Simple</efeatyp><efeageom code="1" Sync="TRUE"></efeageom><esritopo Sync="TRUE">FALSE</esritopo><efeacnt Sync="TRUE">0</efeacnt><spindex Sync="TRUE">FALSE</spindex><linrefer Sync="TRUE">FALSE</linrefer></esriterm></ptvctinf></spdoinfo><eainfo><detailed Name="Drought_Impacts_Type_P"><enttyp><enttypl Sync="TRUE">Drought_Impacts_Type_P</enttypl><enttypt Sync="TRUE">Feature Class</enttypt><enttypc Sync="TRUE">0</enttypc></enttyp><attr><attrlabl Sync="TRUE">FID</attrlabl><attalias Sync="TRUE">FID</attalias><attrtype Sync="TRUE">OID</attrtype><attwidth Sync="TRUE">4</attwidth><atprecis Sync="TRUE">0</atprecis><attscale Sync="TRUE">0</attscale><attrdef Sync="TRUE">Internal feature number.</attrdef><attrdefs Sync="TRUE">Esri</attrdefs><attrdomv><udom Sync="TRUE">Sequential unique whole numbers that are automatically generated.</udom></attrdomv></attr><attr><attrlabl Sync="TRUE">Shape</attrlabl><attalias Sync="TRUE">Shape</attalias><attrtype Sync="TRUE">Geometry</attrtype><attwidth Sync="TRUE">0</attwidth><atprecis Sync="TRUE">0</atprecis><attscale Sync="TRUE">0</attscale><attrdef Sync="TRUE">Feature geometry.</attrdef><attrdefs Sync="TRUE">Esri</attrdefs><attrdomv><udom Sync="TRUE">Coordinates defining the features.</udom></attrdomv></attr><attr><attrlabl Sync="TRUE">Id</attrlabl><attalias Sync="TRUE">Id</attalias><attrtype Sync="TRUE">Integer</attrtype><attwidth Sync="TRUE">10</attwidth><atprecis Sync="TRUE">10</atprecis><attscale Sync="TRUE">0</attscale></attr><attr><attrlabl Sync="TRUE">Type</attrlabl><attalias Sync="TRUE">Type</attalias><attrtype Sync="TRUE">String</attrtype><attwidth Sync="TRUE">12</attwidth><atprecis Sync="TRUE">0</atprecis><attscale Sync="TRUE">0</attscale></attr></detailed></eainfo><mdDateSt Sync="TRUE">20190520</mdDateSt></metadata>
